{"cameraMode":{"drawMode":0,"name":"Shaded","section":"Shading Mode"},"sceneLighting":true,"audioPlay":false,"sceneViewState":{"m_AlwaysRefresh":false,"showFog":true,"showSkybox":true,"showFlares":true,"showImageEffects":true,"showParticleSystems":true,"showVisualEffectGraphs":true,"m_FxEnabled":true},"in2DMode":false,"pivot":{"x":0.6987283229827881,"y":2.899975299835205,"z":1.674070119857788},"rotation":{"x":0.022535260766744615,"y":-0.9543562531471252,"z":0.07459110766649246,"w":0.2883274555206299},"size":2.6444733142852785,"orthographic":false}